incident_id,order_id,incident_type,description,reported_at
e471a53e-00d7-4b72-9f70-2d7af6ae0500,1861,Food missing,Successful half body vote able recently easy develop.,2025-03-22 09:09:54
3bc7723d-2643-4dcd-afc1-7f4096fa2c4e,354,Order canceled,Police though building.,2025-03-29 13:52:25
3171caf2-5a09-4026-ae37-b745a43c127b,1334,Order canceled,Card operation end decade mother cell.,2025-03-26 17:28:16
f31443e6-62ac-43e8-afa1-377ef985d58a,906,Food missing,Financial coach though bag bad maintain large.,2025-03-20 09:20:21
47608157-1d1a-4ff3-899f-3872e4a9fb39,1290,Courier not found,Account senior create green attack easy.,2025-04-04 01:36:56
b029dbff-9566-4156-af90-50fa116ec087,1274,Food missing,Response occur region growth.,2025-03-24 21:22:56
a3e8cbc6-f097-435f-8aa5-d11fe0a8b070,939,Courier not found,About upon music capital kid door talk clear.,2025-03-25 17:58:44
d85728de-d0ae-4b12-923f-d959a2ec20d3,1732,Late delivery,Example to require economic growth foot office.,2025-04-08 06:31:10
75cff585-46b5-42af-8373-5eb01ab8fd97,66,Order canceled,Individual us tend again.,2025-04-01 09:07:24
6c239de4-abc0-4db6-bff4-f9936fae100d,1324,Order canceled,Send pretty organization remember message.,2025-03-30 04:19:50
acadbdda-f7f9-4329-8183-a7047d958c19,57,Late delivery,Lead two but ability somebody thus sound.,2025-03-27 01:49:46
b5d79c7d-eea1-44b5-99ec-1b4adbb8a225,1293,Courier not found,Ability law choose group report return.,2025-03-23 20:58:35
65fb1310-e5fe-4b7b-a879-5970a94ea5f8,1119,Order canceled,Perform power record threat.,2025-04-01 14:22:03
e68c0b49-1603-4a17-b3e6-f625d30cd369,585,Order canceled,Action project design area surface together either.,2025-03-31 02:52:40
45152631-3a79-4c05-9f73-ccb450e23940,375,Late delivery,Some growth common.,2025-04-08 06:32:29
3c53c1d9-0c0d-4433-a73b-368d7d935ddb,276,Late delivery,May sure fight chance.,2025-03-24 19:16:32
32d8137e-156d-4196-ab10-deadddcc116f,747,Food missing,Nor admit yeah democratic body.,2025-04-04 10:46:52
23db744d-6127-442b-97ce-ea375c2d88c3,129,Late delivery,Necessary season sit particular world human order.,2025-03-24 03:15:01
98b881fa-4635-4184-a562-d79c16c52a2a,1647,Late delivery,Get buy voice wife by thus.,2025-03-20 21:07:30
963d782f-c674-4edc-ba22-1b1737fef13b,1853,Food missing,Data language effort daughter left soon form.,2025-04-06 10:15:49
80c0d4e3-566b-4ff4-b12f-1762d3e669e1,675,Late delivery,Ball baby mouth hit themselves available.,2025-04-08 00:12:53
979ac03b-1b9c-4d6b-8fa0-1be1f838da2d,1665,Courier not found,Individual open agent.,2025-04-03 07:11:24
a650a480-678d-40a1-a914-9c110aa34a58,1982,Order canceled,Staff staff course none.,2025-03-28 14:12:21
41359214-deb5-4d70-964f-18a30db2ef4a,1084,Order canceled,Even indicate room prepare sometimes model.,2025-04-06 21:23:09
85e9e5a2-aa9a-47cf-b778-b14426a63393,1923,Food missing,Create chance thing.,2025-03-24 23:43:32
f252a416-1b7c-486e-a7b1-8e867aefa5fa,100,Late delivery,Good anything enter right front wind forget.,2025-03-19 10:28:42
34a2fd63-9cc6-407e-8bb6-e95ea4027fe9,1180,Courier not found,Rock season write cause material.,2025-04-04 09:59:00
8bbb702b-dffe-4018-8508-444635839571,965,Food missing,Particular outside response unit.,2025-04-05 19:09:59
27cc57ed-3c7d-4c41-a8ea-9c766cdde70d,793,Order canceled,Exactly question budget for wide.,2025-03-23 22:18:07
828ec370-6d06-46b7-8e28-315ab07cf753,30,Courier not found,Population matter tell security car form system debate.,2025-03-28 23:32:02
a71580c9-5285-4d37-be7f-0cd8a442cf2e,629,Food missing,Hospital hear young health treat budget.,2025-03-22 17:31:06
f898284d-5038-454a-81c4-8b522414d46d,945,Late delivery,Article police class agent dream production soon seat.,2025-04-06 15:51:34
b0ac2aec-d1ab-47c0-86b2-2280cd2942c2,573,Courier not found,Party good successful strong well.,2025-03-23 13:17:50
71467a50-671f-43cb-8a88-b49c227d0af8,908,Food missing,Simple ever space civil remember artist close.,2025-03-30 07:14:59
bf84e63e-33fd-4542-9c1d-92d59c59e91c,1081,Courier not found,Figure nice church.,2025-03-12 07:46:40
e9a9738a-a999-4577-9ca4-b8bb0a47c35a,451,Order canceled,Myself every sign nor ten yet.,2025-03-23 00:07:26
1f91c907-f6b9-4489-b946-e35e5b6b1782,1610,Courier not found,Very resource fine us represent at.,2025-04-08 19:44:36
0956cf43-b639-4890-8659-f27225e2b8eb,1291,Late delivery,Service rich dinner card thing home year business.,2025-03-26 12:48:30
345da857-0f6a-4f77-a098-8f032f8b98d0,1079,Late delivery,Same member drop increase not your method.,2025-04-03 13:38:10
aaf3e4b2-5a78-499b-969e-0e23d7389985,255,Food missing,People way along discuss talk agency physical.,2025-03-27 02:10:14
65577867-20f4-4dfd-b9e3-392ab4aa14d1,125,Food missing,Relate provide cold general model.,2025-03-20 02:51:07
569ea9ef-2463-4e49-b243-4aec6f0297c5,1928,Food missing,Provide ahead safe.,2025-03-20 23:18:57
827bad3a-d24a-45b6-a94d-5dabaeb3d0b2,252,Courier not found,Son move firm total could indicate should.,2025-03-27 02:29:52
17738559-5c7e-4e75-9e64-76001faa8bd6,586,Late delivery,Health compare goal when study surface world.,2025-03-19 14:05:37
8d32b477-1840-438d-b7a5-18cd673912bf,1569,Order canceled,Across term subject rule run.,2025-03-15 01:59:26
d3d55506-a860-47c6-be2e-dec6d53c7835,825,Courier not found,Hear eat ground hold young maybe section travel.,2025-03-19 20:50:04
cd30c4e7-1685-424f-ba3d-6a91cb509c54,508,Courier not found,Hit role success staff action little south.,2025-03-23 16:04:04
c3e068e0-eb4d-4d4a-8f8e-4aafa89ddeca,890,Courier not found,Describe magazine land record his Mrs.,2025-03-19 23:52:18
2dbe0ed8-6561-4fd0-9da8-e74080e09a48,71,Food missing,Student paper guess so threat.,2025-03-20 01:39:37
a04440fb-add6-4487-bc12-5261c80e00f3,1609,Late delivery,Test close crime concern maintain particularly better.,2025-03-25 06:10:06
cfc61ac1-f200-408c-b2f9-b2a973be9192,1533,Order canceled,To member expect nor direction visit.,2025-04-06 22:00:52
d4621f45-b221-4e43-b53d-6294335eb56d,248,Food missing,Interesting represent clearly thus tell sure many.,2025-03-22 21:07:55
fcb0956b-2233-4d7d-8692-82993aeaf9b5,1451,Order canceled,Present site store dinner.,2025-03-29 10:42:44
111e9d9b-1bc0-47f6-94a7-84def93d34ca,213,Food missing,Training especially official office.,2025-04-08 00:18:55
2091979d-2517-4622-a45b-3f055b1ecaec,910,Courier not found,For of Republican game.,2025-03-22 04:27:51
7a3ab2b5-c4e2-4687-ab45-4fffb77caed0,1742,Order canceled,Board conference physical.,2025-03-14 06:54:17
83cd68cb-9bec-47d8-b3a7-2b3e3be88673,1245,Food missing,Spend beat wrong girl coach.,2025-03-11 14:11:14
3c7ff21b-2697-4987-b25f-40eeb3661c64,1697,Courier not found,Dog require fact know spend detail month.,2025-03-31 10:46:13
aecd994c-0ef1-4f5a-b3c9-f5b7427f080a,1183,Late delivery,Image kitchen option part kitchen.,2025-04-02 15:31:14
4a5714d6-3ede-4e95-ae36-4ec4b2d03648,362,Order canceled,Among should hold most light when executive.,2025-04-06 05:48:25
e52053f9-06f5-4ed3-863f-f9caebbd83af,1474,Food missing,Moment argue nor some land.,2025-03-18 03:25:26
86125563-2307-4f30-be42-a6f54b9ddf15,679,Order canceled,Admit soon family maintain.,2025-03-12 21:33:22
16e1d902-ce88-4626-b049-27da8cd0286f,1622,Courier not found,Hundred term car simple.,2025-03-30 12:54:14
95ea4dea-ce66-45d2-839c-2f76ea5c2285,1090,Late delivery,Fear cost no.,2025-03-16 22:03:07
42713c0a-3bc5-463c-935c-c5123d0d4c40,1988,Late delivery,Successful understand consumer manage rock personal.,2025-04-04 05:52:23
148ce2f7-d145-405c-9552-340338b741be,1848,Courier not found,Daughter list common letter.,2025-03-21 16:17:53
d05981ec-5558-434d-b719-9c6d322498c0,988,Late delivery,Cause act same energy according expect wait standard.,2025-03-23 02:55:48
e71b8b6d-51c8-4157-ac23-3cd4a44ed02e,1513,Food missing,Community television course chair behind.,2025-04-01 13:48:09
a38607ed-377d-44c5-bd9e-e4bdde33a344,112,Order canceled,Apply truth of lawyer.,2025-03-30 03:51:07
dac51da6-2c8d-4276-91f4-09013ca56a82,1488,Food missing,Customer start give take.,2025-03-28 03:47:45
78c2ba06-f264-4efd-8dab-ff5c78ced06d,1454,Late delivery,Late great could inside kind allow chair.,2025-04-03 04:22:17
99bb1d0d-346b-4dbe-aae5-e67e8b4913c1,384,Food missing,Day sometimes official it usually that whole.,2025-03-10 20:18:18
4395d927-74b4-4f7a-9d27-dad52c21ce5d,1396,Food missing,Try cup enjoy truth participant.,2025-03-17 18:07:28
07c44667-9197-4518-9ce8-23a05c045bd5,1055,Order canceled,Different firm card live.,2025-03-15 09:47:27
0ee9c8d2-aeca-4eea-a1ab-fc1a3d458585,756,Order canceled,Protect security site forget whatever.,2025-03-22 05:26:38
deca636c-a0c6-4560-9a5e-c95721e9ef98,325,Order canceled,Difficult shoulder second reflect.,2025-03-13 18:12:26
c0343949-712d-46a0-b19c-6763d95f5070,1624,Order canceled,Huge several education.,2025-04-05 21:14:11
22de5086-33d6-4428-a818-4efed2cd7cb3,788,Food missing,None among site operation way hundred.,2025-03-18 13:19:27
845f1d51-09c7-4f84-90b1-ab1d84bcee90,369,Courier not found,Mr air send plan necessary.,2025-03-24 21:20:42
33643301-b859-47b9-9c32-a7fad0ffa206,1820,Courier not found,Run thought law owner difference image dinner though.,2025-03-20 14:11:38
842237d8-fbc2-426f-9cf6-810f7b3aacc1,70,Courier not found,Lose house marriage adult exactly another however red.,2025-03-29 10:08:34
4a19f343-3b18-4176-9ffc-be1469c6becb,858,Food missing,Bar ever beat paper.,2025-03-11 18:04:55
6eca6614-8617-472c-a429-b16ec8a4857b,1484,Order canceled,Necessary option couple believe measure.,2025-03-21 18:54:01
bed1e255-807a-418a-94bd-3a3f20e3c599,1556,Order canceled,Three suddenly time experience full newspaper.,2025-03-25 17:52:15
7831c504-1b11-43f5-aecc-bc96dcde68cb,1692,Food missing,Return their network thus little player.,2025-03-28 11:25:56
34e417ac-ea80-402a-b803-8998c28fe34b,1475,Courier not found,Culture show page here buy lay.,2025-04-04 15:26:35
74ffa431-c66e-4832-ba35-02bd93c04b0c,1799,Food missing,Ahead this generation degree require.,2025-03-18 00:39:28
05bb85d1-446b-44df-b2ef-ec3b9debdd89,479,Order canceled,How condition tree deal perform spend.,2025-03-15 17:21:19
0bf10f2d-be7e-4cff-8bca-aeba5695e5e7,282,Food missing,Leg take customer skin day.,2025-04-01 16:34:19
7914bb21-09b2-4c03-9a19-1e1c1d556665,1648,Food missing,Card ago individual director.,2025-04-04 20:09:13
124933bf-7a12-416a-a201-235ea4fdc499,1557,Late delivery,Official floor able condition he.,2025-03-16 17:30:05
6ebe24db-8474-4fb5-a399-5d8754ab9520,1730,Food missing,Which operation suffer morning.,2025-03-28 01:27:38
3a4b37ef-e9f0-4a5f-9c06-acb7f931d405,211,Courier not found,Night study leader occur hit.,2025-03-21 04:33:26
d3b629a1-0fdd-4f59-9b3e-8c246b3744cd,298,Order canceled,Stand everybody town student professor room.,2025-03-15 05:29:30
112b53d6-3297-427a-844a-4aad3642a47b,1885,Order canceled,Be million learn itself.,2025-03-17 17:28:06
7fb4c1b4-c096-4939-ae7e-27491561404e,1834,Late delivery,Total inside memory trial interest member.,2025-03-19 19:42:29
1940d0c9-f5c8-4453-8bd3-173c3d97b7c4,652,Food missing,Traditional ahead team sound war form on.,2025-03-14 00:03:37
6bae09f5-5177-4007-a656-ab33fda9f807,1234,Courier not found,Commercial cause can career thought.,2025-03-11 00:54:42
8efc5677-7760-45c0-b7b8-2b94a71d85ed,1503,Food missing,Quite specific oil population.,2025-03-26 23:28:11
e91ebef7-d485-4e71-8f35-6943d2bd5897,1932,Courier not found,Fund even information nice.,2025-04-06 05:54:20
3ab67b4d-878e-4300-bcfc-a754c74db3aa,917,Late delivery,Example save song picture.,2025-03-14 04:45:37
d53f042a-6b77-4658-9bdc-8643b2cc8403,994,Order canceled,Pass individual player risk mind.,2025-03-23 14:14:43
27118261-1021-4e13-8c02-9a09da275492,430,Late delivery,American local section movie.,2025-03-29 04:52:06
55ab41ec-f54e-47b8-a1ff-a78506cc32fb,1371,Order canceled,Indicate middle suggest else.,2025-04-02 03:54:18
2e2e81c1-32d0-4a80-a8e3-7c0d1c5f1f17,240,Courier not found,Fire successful data one where.,2025-03-26 05:20:49
5ac27f33-57b0-4db4-b4e7-b4772478d241,880,Courier not found,Determine station production upon me minute.,2025-03-18 06:05:10
905ae151-9580-4217-8fe2-faf9eda1cd99,621,Food missing,Expert commercial important radio special land up certain.,2025-04-04 05:05:20
0379ffae-68b9-4507-9dcf-814456df2b72,257,Late delivery,Budget north none full.,2025-03-10 22:17:51
e6d9a7ce-6ed4-4508-8594-dfda16191855,612,Food missing,News want ok use collection budget show.,2025-03-26 19:58:24
91b6c3e1-4b3e-4624-8583-2e3b9cda282b,545,Late delivery,Quality head recently play father somebody.,2025-04-04 09:31:58
8d413f05-ee6b-452a-a15a-73afbe7f6086,772,Late delivery,Decade sell region speak.,2025-03-15 17:38:11
eb8a7e3f-54c4-40a5-8865-b6a14105e6d1,1420,Courier not found,Everybody student fly policy save subject seat.,2025-03-18 15:16:10
bce19cb6-7fe8-4d3b-95f7-8f141c3df71f,1042,Late delivery,Adult else majority tough front.,2025-03-20 19:07:54
df09c3d6-a983-4ff6-96cd-f4db1b15f9d8,1790,Courier not found,Religious few painting material.,2025-04-06 14:05:15
1731d9d2-86b7-4d5c-94f3-2fbf03cd43c1,760,Food missing,Company mind leader travel opportunity.,2025-04-06 01:10:05
e7790dc9-38da-49c8-9947-c2541e08e231,383,Order canceled,Life before level push.,2025-04-01 09:26:02
88ebe2c3-825c-4821-9ecb-43b36c5d66a5,1104,Food missing,History each art billion.,2025-03-28 05:50:29
32617c5e-6337-4f5f-ab19-bc195361b967,974,Late delivery,Community return performance determine.,2025-03-28 21:20:01
8269d9e8-ed13-47d2-8e22-9f11a52d5994,353,Order canceled,Radio my book teacher understand mind age.,2025-04-01 11:20:47
39f0e40d-8483-44c1-bd3b-a3eb516aa0a3,1606,Food missing,Economy national world with partner rise food minute.,2025-03-27 07:50:40
7f88a690-0339-4ca8-ac8a-0999f59cf046,1826,Courier not found,Where authority page personal.,2025-03-15 13:07:41
c71159ac-0086-4a39-a289-64a1d9631d45,1037,Food missing,Around land look lead effort.,2025-04-02 04:12:20
c3605227-3b26-45b1-8b8d-ac6ddb2d1c7f,1108,Courier not found,Science couple allow figure recognize.,2025-03-30 11:52:22
19c1bf23-0f67-40f0-b8c7-0384187e4932,495,Courier not found,Public today issue positive.,2025-03-21 09:23:42
d3e15ccb-021c-4d0e-84ec-8f09aa54e6e9,394,Late delivery,Job key wide present back.,2025-04-05 13:11:21
d40c58c3-a45f-4787-91b8-1e5fb1161bf9,1547,Late delivery,Spend front resource which.,2025-04-07 16:46:58
711b9c75-19c5-4cbe-9d03-a08c09c4220d,465,Food missing,Go well authority shake.,2025-04-08 01:45:30
ad5c77b1-dddf-4cb6-bb6f-32d0eafa9e7f,887,Courier not found,None worker list.,2025-03-14 00:13:42
7bee2e40-37a7-4656-9945-ca768ad265f3,1194,Courier not found,Often career bit wish final not plan address.,2025-03-29 13:51:27
68fe118c-35ed-4ff1-aeb4-db0637275b87,367,Courier not found,Magazine dream cover world follow issue operation.,2025-03-12 22:37:46
e8752786-abd6-4bf9-a7fe-acab005943b2,1894,Food missing,Mrs sound itself give.,2025-03-19 15:57:23
ed87d2fb-b5bf-4e5f-b455-0538fcbce83e,1874,Food missing,Clear general easy season.,2025-03-24 03:41:54
5bff87ab-04a1-4d39-a479-8a1bcf4b3cf0,745,Food missing,Mr less green per respond class.,2025-03-23 07:50:57
84e40323-f431-4711-87dc-6d0729b3fd7f,530,Late delivery,Election answer back today.,2025-04-06 16:28:39
6f36e4a3-4cf0-403b-8bb6-57086b1e8921,803,Order canceled,Thing accept choice yet feel.,2025-04-07 04:12:08
8873e44d-0c41-4442-99e2-66b07acd5248,1224,Late delivery,Subject to physical.,2025-04-07 09:28:37
fc386bd3-a933-4054-8f41-9aab30884d35,1979,Late delivery,Week entire police safe suddenly bill.,2025-04-05 07:13:33
a78dab65-30d1-4d10-bb9b-71a093b0d350,1906,Order canceled,Goal or finish identify.,2025-03-11 20:24:07
f78a0acd-b6c9-4283-8cef-03e8290b3961,1700,Food missing,Want they Mrs tonight person president course.,2025-03-25 08:18:53
dd741fbb-63b3-4557-b62b-d5a984c329fb,1545,Courier not found,Mother whether most low Mrs high throw lawyer.,2025-04-09 11:22:41
b2ba2d34-7e16-4a02-80b0-9d126076535e,1314,Late delivery,Challenge other ask total.,2025-03-29 12:06:07
056ce276-9944-49c5-a2f8-810e1c2df3f2,307,Food missing,President star street better accept.,2025-03-29 01:11:27
62d6ed05-c603-4973-8527-1fcc328becae,1667,Food missing,Simple large general often take.,2025-03-29 12:06:37
800b6822-3a6e-4c68-b4f2-24315e4e96f1,863,Courier not found,Which condition tell.,2025-04-05 00:53:26
ad547cb7-dbd2-4d30-98d4-11c00ce80127,1567,Food missing,Bank voice camera firm culture officer someone.,2025-03-12 07:56:47
859d89f3-dfcf-4687-8357-2c9ac1a06e82,531,Courier not found,Ground ball try threat hard challenge play.,2025-03-26 13:51:35
f4d86952-e46e-4ca4-8834-b2c5d1b0c978,655,Order canceled,End world wide television participant cold but.,2025-03-22 02:32:46
8a3298b3-3ad7-49d4-92c6-e9b012994eff,1260,Order canceled,Cover easy animal cut nearly.,2025-03-17 21:47:21
c8220f1a-535e-4dfd-83f5-6ec48fa594c6,234,Courier not found,Present might focus around central analysis.,2025-03-20 09:23:10
8161eb90-3108-4d99-a201-00369177cbf7,121,Food missing,Probably long top hear.,2025-03-29 10:22:38
4632c869-b754-497c-9843-d085a8b185ba,1698,Food missing,Glass civil yard prevent.,2025-03-26 05:58:37
102cd87c-ee83-418d-8aa6-1f7d8e16b65e,950,Courier not found,Much age list blood side.,2025-03-19 15:51:52
a2885600-8164-482d-9861-3075fb3471e6,618,Late delivery,Who you yeah fire fill wish light.,2025-03-27 16:14:46
ee001519-9930-4321-b101-4c85f669bead,1179,Order canceled,Phone enter population family price.,2025-03-21 21:57:24
b09eb40d-5fbd-4398-a1bb-945190a2f5dc,308,Food missing,Real late economy maybe time couple.,2025-03-31 22:26:45
fa8255cb-0e9d-4741-9926-fbd786d6fb56,136,Courier not found,State those record help very consider.,2025-03-18 06:53:15
3b286cf6-aa2c-46be-a3b1-e974748098ae,555,Food missing,Pick property share feel fill begin.,2025-03-27 05:24:38
df1fb6a8-aa4a-4c78-8621-b955779ce4d1,1674,Order canceled,Never house if today goal crime country.,2025-04-05 11:57:26
d3c3e140-7eaa-498f-9b17-3d92637560f7,584,Courier not found,Theory administration think something.,2025-03-16 11:53:47
81f4c966-8e01-4f53-9866-4ba9c05aebd5,1641,Order canceled,Decade economy total week top would with.,2025-03-24 08:09:28
855e3f94-00eb-4652-9523-2e7c76b97451,671,Late delivery,Most skin occur develop bit dog some.,2025-03-15 23:08:51
e070b1f1-e02c-461e-9bf1-1946ec504e4b,835,Courier not found,Piece result something own within stage.,2025-03-11 06:55:29
0c89ff91-070a-4ff1-b5eb-898c42eefc83,110,Courier not found,Because final scene manager level life ok since.,2025-04-02 09:12:44
4561d638-f68e-43e5-87fb-07d318472c4d,1165,Food missing,Although fly explain worker.,2025-04-06 07:56:41
88fe707f-3c9a-4c0f-a7ef-7ffa42ddcbf8,1960,Food missing,Room everyone quality kind color thing artist.,2025-03-26 11:35:16
d238c601-ce5e-4904-9680-1eab5fe74127,1465,Order canceled,Attorney new administration money appear.,2025-03-16 05:21:00
4a1250a2-584e-4514-854a-84352cf28d3c,1729,Order canceled,Occur painting that report case campaign dream.,2025-03-11 10:57:45
6ad3cd8d-2449-4a1d-9adf-f963587929fd,1243,Order canceled,Field analysis political.,2025-03-26 15:22:08
0b28db63-55b1-42b9-96db-6afd7598acbd,212,Late delivery,Show scene determine cover room believe these.,2025-03-27 19:03:51
82cc68f5-43ae-4620-826a-dd87a02391d7,1768,Order canceled,Safe know case yourself sure guess.,2025-03-21 04:22:42
27686ded-768d-4c49-81e5-95d472dbb8e2,1121,Courier not found,Ball student mind our remember.,2025-03-31 12:43:54
d14d66df-e0dd-4fee-bd35-db08f846480d,680,Food missing,Police alone both white suggest program no money.,2025-03-25 01:43:16
e663ff8f-a2e4-49b0-8bd5-9893d02859e6,1951,Late delivery,Small really born spend life.,2025-03-13 21:21:58
b8c8c172-2037-48c0-a00d-f76d3323b0a8,1839,Order canceled,Model expert do.,2025-04-03 11:17:38
efe9e993-dd76-4049-a471-e918dc650a68,412,Late delivery,Practice opportunity memory hour fear company institution.,2025-04-09 03:57:09
022738c0-8adc-4af5-96ee-33761414c90f,1325,Food missing,Spring read firm admit blood.,2025-03-19 04:54:34
f3d148e8-4241-4399-bbc5-2ff90d53a83e,783,Late delivery,Throw environmental how per risk news seem.,2025-03-25 18:42:24
64714dfe-b4e9-40c8-897a-5a93e2e26dfa,1346,Food missing,Sell cultural foot game already Congress.,2025-03-29 01:51:42
b61d7f80-482a-44b3-9652-64cef43358fc,875,Courier not found,Share career accept recognize police better.,2025-03-15 15:08:28
0f66db72-041b-4779-8bb4-e0d020bd0ce7,1653,Late delivery,Far result former cold thing receive short and.,2025-03-24 02:19:42
6c4af11a-735d-4653-b116-23cb9fdab753,1279,Order canceled,Loss heavy tend follow deal policy day crime.,2025-04-05 00:44:06
e9e27af2-04a0-4d6b-bf4d-f2357a7e0410,786,Courier not found,Investment contain second return move.,2025-04-09 01:26:16
aefb2584-4599-4be0-ac37-eed344fb1633,1819,Courier not found,Pay difference lot reach argue end.,2025-03-14 01:32:12
a1d14e3c-2143-4c96-8ce6-dc06e9367c72,1199,Order canceled,Billion second these over painting travel relate.,2025-04-06 13:42:18
c91ea3bf-8202-458f-8d42-313fd9a48d3b,808,Food missing,Condition ground region someone teach because.,2025-03-19 03:43:11
efbb3128-6d90-4033-b555-3d1aea455d57,713,Order canceled,Age box must book.,2025-03-21 06:00:57
44edb6ab-8146-4f41-93ca-abcfd126f31c,1991,Courier not found,House whatever court result matter information.,2025-03-27 01:16:15
f9f61f41-dbaa-48a7-ace4-166fabb5a17e,1660,Courier not found,Feeling sing remain play tell.,2025-03-31 17:15:22
4804fd8b-88c1-4e9e-9ca1-2174b2a6ec1b,1191,Food missing,Operation western discuss before account full.,2025-03-12 09:25:21
7cefd304-3ca9-478e-b6d5-3c0698b1ce24,1226,Late delivery,Then then word attack life decide.,2025-03-23 15:28:46
8a55db71-0524-48b5-9a04-7211563f62ba,603,Courier not found,Five move certain head.,2025-03-21 13:07:16
3516afe2-16dc-4b94-beaa-c2f980d01417,271,Order canceled,Check hope number level if each later.,2025-04-02 18:58:59
33027ff7-b975-4cf4-857d-40c45f80b542,1385,Courier not found,Benefit move control walk office.,2025-03-14 13:40:41
10f46a76-fc85-471a-96ee-3c5474978837,232,Courier not found,Material event glass lose.,2025-04-05 14:25:48
dd25430d-48b6-46fb-bc65-a0ee4c8f7965,50,Food missing,Area relate responsibility.,2025-03-16 10:42:25
f3a07286-76cc-49ff-a462-fb2c2db2fee5,463,Late delivery,Class common low environmental safe blue strong raise.,2025-03-24 14:42:06
9f0792c6-9a24-44f5-b33c-9a70c68e2780,1106,Order canceled,Attorney show decide class down.,2025-04-02 05:33:37
10f6f152-0910-40e6-accc-48e69826aafe,856,Courier not found,Ready interest particular then thousand design group.,2025-04-01 10:58:30
1aa047d1-1a2d-431a-98ea-7c474ed70a05,694,Food missing,Staff east material area good general.,2025-03-22 02:09:40
be452777-1e99-4414-a1af-b6410f96150b,1552,Late delivery,Memory lead left culture simple the from.,2025-04-08 22:32:38
